[{"label":"Home","level":1,"url":"/"},{"label":"Profil","level":1,"url":"#"},{"label":"Sejarah","level":2,"url":"/page/sejarah"},{"label":"Visi-Misi","level":2,"url":"/page/visi-misi"},{"label":"Struktur Organisasi","level":2,"url":"#"},{"label":"Pimpinan / Staff","level":2,"url":"/staff"},{"label":"Kerjasama","level":2,"url":"#"},{"label":"Akademik","level":1,"url":"#"},{"label":"Peraturan Akademik","level":2,"url":"#"},{"label":"Manual Prosedur","level":2,"url":"#"},{"label":"Kalender Akademik","level":2,"url":"#"},{"label":"Kurikulum","level":2,"url":"/kurikulum"},{"label":"Jadwal Kuliah","level":2,"url":"#"},{"label":"Fasilitas","level":1,"url":"#"},{"label":"Laboratorium Riset","level":2,"url":"http://labs.if.undip.ac.id/"},{"label":"Laboratorium Layanan","level":2,"url":"http://labs.if.undip.ac.id"},{"label":"Sarana IT","level":2,"url":"#"},{"label":"Fasilitas Olahraga","level":2,"url":"#"},{"label":"Sarana Umum","level":2,"url":"#"},{"label":"Kemahasiswaan","level":1,"url":"#"},{"label":"Prestasi Mahasiswa","level":2,"url":"#"},{"label":"New menu","level":3,"url":""},{"label":"New menu","level":3,"url":""},{"label":"Himpunan Mahasiswa","level":2,"url":"http://hm.if.undip.ac.id/"},{"label":"Unit Kegiatan Mahasiswa","level":2,"url":"#"},{"label":"Himpunan Alumni","level":2,"url":"#"},{"label":"Kontak","level":1,"url":"/page/kontak"},{"label":"Administrator &raquo;","level":1,"url":"/admin/"}]